ala	gct
ala	gcc
ala	gca
ala	gcg
arg	cgt
arg	cgc
arg	cga
arg	cgg
arg	aga
arg	agg
asn	aat
asn	aac
asp	gat
asp	gac
cys	tgt
cys	tgc
gln	caa
gln	cag
glu	gaa
glu	gag
gly	ggt
gly	ggc
gly	gga
gly	ggg
his	cat
his	cac
ile	att
ile	atc
ile	ata
leu	ctt
leu	ctc
leu	cta
leu	ctg
leu	tta
leu	ttg
lys	aaa
lys	aag
met	atg
phe	ttt
phe	ttc
pro	cct
pro	ccc
pro	cca
pro	ccg
ser	tct
ser	tcc
ser	tca
ser	tcg
ser	agt
ser	agc
thr	act
thr	acc
thr	aca
thr	acg
trp	tgg
tyr	tat
tyr	tac
val	gtt
val	gtc
val	gta
val	gtg
stp	taa
stp	tga
stp	tag
